,def,ident,call,int,float,string,int_constant,float_constant,string_constant,break,print,read,return,if,else,for,new,null,(,),{,},;,=,<,>,<=,>=,==,!=,[,],*,+,-,/,%,",",$
PROGRAM,['FUNCLIST'],['STATEMENT'],[],['STATEMENT'],['STATEMENT'],['STATEMENT'],[],[],[],['STATEMENT'],['STATEMENT'],['STATEMENT'],['STATEMENT'],['STATEMENT'],[],['STATEMENT'],[],[],[],[],['STATEMENT'],[],['STATEMENT'],[],[],[],[],[],[],[],[],[],[],[],[],[],[],[],['EPSILON']
FUNCLIST,"['FUNCDEF', ""F'""]",[],[],[],[],[],[],[],[],[],[],[],[],[],[],[],[],[],[],[],[],[],[],[],[],[],[],[],[],[],[],[],[],[],[],[],[],[],[]
F',['FUNCLIST'],[],[],[],[],[],[],[],[],[],[],[],[],[],[],[],[],[],[],[],['EPSILON'],[],[],[],[],[],[],[],[],[],[],[],[],[],[],[],[],[],['EPSILON']
FUNCDEF,"['def', 'ident', '(', 'PARAMLIST', ')', '{', 'STATELIST', '}']",[],[],[],[],[],[],[],[],[],[],[],[],[],[],[],[],[],[],[],[],[],[],[],[],[],[],[],[],[],[],[],[],[],[],[],[],[],[]
PARAMLIST,[],[],[],"['int', 'ident', ""P'""]","['float', 'ident', ""P'""]","['string', 'ident', ""P'""]",[],[],[],[],[],[],[],[],[],[],[],[],[],['EPSILON'],[],[],[],[],[],[],[],[],[],[],[],[],[],[],[],[],[],[],[]
P',[],[],[],[],[],[],[],[],[],[],[],[],[],[],[],[],[],[],[],['EPSILON'],[],[],[],[],[],[],[],[],[],[],[],[],[],[],[],[],[],"[',', 'PARAMLIST']",[]
STATEMENT,[],"['ATRIBSTAT', ';']",[],"['VARDECL', ';']","['VARDECL', ';']","['VARDECL', ';']",[],[],[],"['break', ';']","['PRINTSTAT', ';']","['READSTAT', ';']","['RETURNSTAT', ';']",['IFSTAT'],[],['FORSTAT'],[],[],[],[],"['{', 'STATELIST', '}']",[],[';'],[],[],[],[],[],[],[],[],[],[],[],[],[],[],[],[]
VARDECL,[],[],[],"['int', 'ident', ""VARDECL'""]","['float', 'ident', ""VARDECL'""]","['string', 'ident', ""VARDECL'""]",[],[],[],[],[],[],[],[],[],[],[],[],[],[],[],[],[],[],[],[],[],[],[],[],[],[],[],[],[],[],[],[],[]
VARDECL',[],[],[],[],[],[],[],[],[],[],[],[],[],[],[],[],[],[],[],[],[],[],['EPSILON'],['EPSILON'],[],[],[],[],[],[],"['[', 'int_constant', ']', ""VARDECL'""]",[],[],[],[],[],[],['EPSILON'],[]
ATRIBSTAT,[],"['LVALUE', '=', ""A'""]",[],[],[],[],[],[],[],[],[],[],[],[],[],[],[],[],[],[],[],[],[],[],[],[],[],[],[],[],[],[],[],[],[],[],[],[],[]
A',[],['EXPRESSION'],['FUNCCALL'],[],[],[],['EXPRESSION'],['EXPRESSION'],['EXPRESSION'],[],[],[],[],[],[],[],['NEW'],['EXPRESSION'],['EXPRESSION'],[],[],[],[],[],[],[],[],[],[],[],[],[],[],['EXPRESSION'],['EXPRESSION'],[],[],[],[]
FUNCCALL,[],[],[],[],[],[],[],[],[],[],[],[],[],[],[],[],[],[],[],[],[],[],[],[],[],[],[],[],[],[],[],[],[],[],[],[],[],[],[]
PARAMLISTCALL,[],"['ident', ""C'""]",[],[],[],[],[],[],[],[],[],[],[],[],[],[],[],[],[],['EPSILON'],[],[],[],[],[],[],[],[],[],[],[],[],[],[],[],[],[],[],[]
C',[],[],[],[],[],[],[],[],[],[],[],[],[],[],[],[],[],[],[],['EPSILON'],[],[],[],[],[],[],[],[],[],[],[],[],[],[],[],[],[],"[',', 'PARAMLISTCALL']",[]
PRINTSTAT,[],[],[],[],[],[],[],[],[],[],"['print', 'EXPRESSION']",[],[],[],[],[],[],[],[],[],[],[],[],[],[],[],[],[],[],[],[],[],[],[],[],[],[],[],[]
READSTAT,[],[],[],[],[],[],[],[],[],[],[],"['read', 'LVALUE']",[],[],[],[],[],[],[],[],[],[],[],[],[],[],[],[],[],[],[],[],[],[],[],[],[],[],[]
RETURNSTAT,[],[],[],[],[],[],[],[],[],[],[],[],['return'],[],[],[],[],[],[],[],[],[],[],[],[],[],[],[],[],[],[],[],[],[],[],[],[],[],[]
IFSTAT,[],[],[],[],[],[],[],[],[],[],[],[],[],"['if', '(', 'EXPRESSION', ')', 'STATEMENT', ""I'""]",[],[],[],[],[],[],[],[],[],[],[],[],[],[],[],[],[],[],[],[],[],[],[],[],[]
I',[],['EPSILON'],['EPSILON'],['EPSILON'],['EPSILON'],['EPSILON'],[],[],[],['EPSILON'],['EPSILON'],['EPSILON'],['EPSILON'],['EPSILON'],"['else', 'STATEMENT']",['EPSILON'],[],[],[],[],['EPSILON'],['EPSILON'],['EPSILON'],[],[],[],[],[],[],[],[],[],[],[],[],[],[],[],['EPSILON']
FORSTAT,[],[],[],[],[],[],[],[],[],[],[],[],[],[],[],"['for', '(', 'ATRIBSTAT', ';', 'EXPRESSION', ';', 'ATRIBSTAT', ')', 'STATEMENT']",[],[],[],[],[],[],[],[],[],[],[],[],[],[],[],[],[],[],[],[],[],[],[]
STATELIST,[],"['STATEMENT', ""S'""]",[],"['STATEMENT', ""S'""]","['STATEMENT', ""S'""]","['STATEMENT', ""S'""]",[],[],[],"['STATEMENT', ""S'""]","['STATEMENT', ""S'""]","['STATEMENT', ""S'""]","['STATEMENT', ""S'""]","['STATEMENT', ""S'""]",[],"['STATEMENT', ""S'""]",[],[],[],[],"['STATEMENT', ""S'""]",[],"['STATEMENT', ""S'""]",[],[],[],[],[],[],[],[],[],[],[],[],[],[],[],[]
S',[],['STATELIST'],['EPSILON'],['STATELIST'],['STATELIST'],['STATELIST'],[],[],[],['STATELIST'],['STATELIST'],['STATELIST'],['STATELIST'],['STATELIST'],[],['STATELIST'],[],[],[],[],['STATELIST'],['EPSILON'],['STATELIST'],[],[],[],[],[],[],[],[],[],[],[],[],[],[],[],[]
NEW,[],[],[],[],[],[],[],[],[],[],[],[],[],[],[],[],"['new', 'ALLOCEXPRESSION']",[],[],[],[],[],[],[],[],[],[],[],[],[],[],[],[],[],[],[],[],[],[]
ALLOCEXPRESSION,[],[],[],"['int', ""ALLOCEXPRESSION'""]","['float', ""ALLOCEXPRESSION'""]","['string', ""ALLOCEXPRESSION'""]",[],[],[],[],[],[],[],[],[],[],[],[],[],[],[],[],[],[],[],[],[],[],[],[],[],[],[],[],[],[],[],[],[]
ALLOCEXPRESSION',[],[],[],[],[],[],[],[],[],[],[],[],[],[],[],[],[],[],[],[],[],[],[],[],[],[],[],[],[],[],"['[', 'NUMEXPRESSION', ']', ""L'""]",[],[],[],[],[],[],[],[]
L',[],[],[],[],[],[],[],[],[],[],[],[],[],[],[],[],[],[],[],['EPSILON'],[],[],['EPSILON'],[],[],[],[],[],[],[],"[""ALLOCEXPRESSION'""]",[],[],[],[],[],[],[],[]
EXPRESSION,[],"['NUMEXPRESSION', ""EXPRESSION'""]",[],[],[],[],"['NUMEXPRESSION', ""EXPRESSION'""]","['NUMEXPRESSION', ""EXPRESSION'""]","['NUMEXPRESSION', ""EXPRESSION'""]",[],[],[],[],[],[],[],[],"['NUMEXPRESSION', ""EXPRESSION'""]","['NUMEXPRESSION', ""EXPRESSION'""]",[],[],[],[],[],[],[],[],[],[],[],[],[],[],"['NUMEXPRESSION', ""EXPRESSION'""]","['NUMEXPRESSION', ""EXPRESSION'""]",[],[],[],[]
EXPRESSION',[],['EPSILON'],[],[],[],[],['EPSILON'],['EPSILON'],['EPSILON'],[],[],[],[],[],[],[],[],[],[],['EPSILON'],[],[],['EPSILON'],[],"['<', 'NUMEXPRESSION']","['>', 'NUMEXPRESSION']","['<=', 'NUMEXPRESSION']","['>=', 'NUMEXPRESSION']","['==', 'NUMEXPRESSION']","['!=', 'NUMEXPRESSION']",[],[],[],[],[],[],[],[],[]
NUMEXPRESSION,[],"['TERM', ""NUMEXPRESSION'""]",[],[],[],[],"['TERM', ""NUMEXPRESSION'""]","['TERM', ""NUMEXPRESSION'""]","['TERM', ""NUMEXPRESSION'""]",[],[],[],[],[],[],[],[],"['TERM', ""NUMEXPRESSION'""]","['TERM', ""NUMEXPRESSION'""]",[],[],[],[],[],[],[],[],[],[],[],[],[],[],"['TERM', ""NUMEXPRESSION'""]","['TERM', ""NUMEXPRESSION'""]",[],[],[],[]
NUMEXPRESSION',[],['EPSILON'],[],[],[],[],['EPSILON'],['EPSILON'],['EPSILON'],[],[],[],[],[],[],[],[],[],[],['EPSILON'],[],[],['EPSILON'],[],['EPSILON'],['EPSILON'],['EPSILON'],['EPSILON'],['EPSILON'],['EPSILON'],[],['EPSILON'],[],"['+', 'TERM', ""NUMEXPRESSION'""]","['-', 'TERM', ""NUMEXPRESSION'""]",[],[],[],[]
TERM,[],"['UNARYEXPR', ""TERM'""]",[],[],[],[],"['UNARYEXPR', ""TERM'""]","['UNARYEXPR', ""TERM'""]","['UNARYEXPR', ""TERM'""]",[],[],[],[],[],[],[],[],"['UNARYEXPR', ""TERM'""]","['UNARYEXPR', ""TERM'""]",[],[],[],[],[],[],[],[],[],[],[],[],[],[],"['UNARYEXPR', ""TERM'""]","['UNARYEXPR', ""TERM'""]",[],[],[],[]
TERM',[],['EPSILON'],[],[],[],[],['EPSILON'],['EPSILON'],['EPSILON'],[],[],[],[],[],[],[],[],[],[],['EPSILON'],[],[],['EPSILON'],[],['EPSILON'],['EPSILON'],['EPSILON'],['EPSILON'],['EPSILON'],['EPSILON'],[],['EPSILON'],"['*', 'UNARYEXPR', ""TERM'""]",['EPSILON'],['EPSILON'],"['/', 'UNARYEXPR', ""TERM'""]","['%', 'UNARYEXPR', ""TERM'""]",[],[]
UNARYEXPR,[],['FACTOR'],[],[],[],[],['FACTOR'],['FACTOR'],['FACTOR'],[],[],[],[],[],[],[],[],['FACTOR'],['FACTOR'],[],[],[],[],[],[],[],[],[],[],[],[],[],[],"['+', 'FACTOR']","['-', 'FACTOR']",[],[],[],[]
FACTOR,[],['LVALUE'],[],[],[],[],['int_constant'],['float_constant'],['string_constant'],[],[],[],[],[],[],[],[],['null'],"['(', 'NUMEXPRESSION', ')']",[],[],[],[],[],[],[],[],[],[],[],[],[],[],[],[],[],[],[],[]
LVALUE,[],"['ident', ""LVALUE'""]",[],[],[],[],[],[],[],[],[],[],[],[],[],[],[],[],[],[],[],[],[],[],[],[],[],[],[],[],[],[],[],[],[],[],[],[],[]
LVALUE',[],['EPSILON'],[],[],[],[],['EPSILON'],['EPSILON'],['EPSILON'],[],[],[],[],[],[],[],[],[],['EPSILON'],['EPSILON'],[],[],['EPSILON'],['EPSILON'],['EPSILON'],['EPSILON'],['EPSILON'],['EPSILON'],['EPSILON'],['EPSILON'],"['[', 'NUMEXPRESSION', ']', ""LVALUE'""]",['EPSILON'],['EPSILON'],['EPSILON'],['EPSILON'],['EPSILON'],['EPSILON'],[],[]
